os,type,bench,keymode,nobjs,time
FreeBSD,1,insert,0,1000,472
FreeBSD,1,change,0,1000,1178
FreeBSD,1,hit,0,1000,375
FreeBSD,1,miss,0,1000,317
FreeBSD,1,remove,0,1000,718
FreeBSD,1,insert,0,2000,936
FreeBSD,1,change,0,2000,2362
FreeBSD,1,hit,0,2000,755
FreeBSD,1,miss,0,2000,638
FreeBSD,1,remove,0,2000,1438
FreeBSD,1,insert,0,3000,1401
FreeBSD,1,change,0,3000,3549
FreeBSD,1,hit,0,3000,1134
FreeBSD,1,miss,0,3000,958
FreeBSD,1,remove,0,3000,2159
FreeBSD,1,insert,0,4000,1874
FreeBSD,1,change,0,4000,4746
FreeBSD,1,hit,0,4000,1521
FreeBSD,1,miss,0,4000,1296
FreeBSD,1,remove,0,4000,2880
FreeBSD,1,insert,0,5000,2337
FreeBSD,1,change,0,5000,5929
FreeBSD,1,hit,0,5000,1896
FreeBSD,1,miss,0,5000,1602
FreeBSD,1,remove,0,5000,3613
FreeBSD,1,insert,0,6000,2785
FreeBSD,1,change,0,6000,7135
FreeBSD,1,hit,0,6000,2283
FreeBSD,1,miss,0,6000,1940
FreeBSD,1,remove,0,6000,4333
FreeBSD,1,insert,0,7000,3292
FreeBSD,1,change,0,7000,8352
FreeBSD,1,hit,0,7000,2676
FreeBSD,1,miss,0,7000,2281
FreeBSD,1,remove,0,7000,5062
FreeBSD,1,insert,0,8000,3769
FreeBSD,1,change,0,8000,9566
FreeBSD,1,hit,0,8000,3069
FreeBSD,1,miss,0,8000,2624
FreeBSD,1,remove,0,8000,5789
FreeBSD,1,insert,0,9000,4198
FreeBSD,1,change,0,9000,10723
FreeBSD,1,hit,0,9000,3444
FreeBSD,1,miss,0,9000,2893
FreeBSD,1,remove,0,9000,6531
FreeBSD,1,insert,0,10000,4667
FreeBSD,1,change,0,10000,11947
FreeBSD,1,hit,0,10000,3837
FreeBSD,1,miss,0,10000,3228
FreeBSD,1,remove,0,10000,7261
FreeBSD,1,insert,0,11000,5148
FreeBSD,1,change,0,11000,13157
FreeBSD,1,hit,0,11000,4232
FreeBSD,1,miss,0,11000,3571
FreeBSD,1,remove,0,11000,7989
FreeBSD,1,insert,0,12000,5626
FreeBSD,1,change,0,12000,14382
FreeBSD,1,hit,0,12000,4626
FreeBSD,1,miss,0,12000,3917
FreeBSD,1,remove,0,12000,8718
FreeBSD,1,insert,0,13000,6115
FreeBSD,1,change,0,13000,15616
FreeBSD,1,hit,0,13000,5027
FreeBSD,1,miss,0,13000,4262
FreeBSD,1,remove,0,13000,9448
FreeBSD,1,insert,0,14000,6588
FreeBSD,1,change,0,14000,16844
FreeBSD,1,hit,0,14000,5425
FreeBSD,1,miss,0,14000,4607
FreeBSD,1,remove,0,14000,10181
FreeBSD,1,insert,0,15000,7069
FreeBSD,1,change,0,15000,18119
FreeBSD,1,hit,0,15000,5828
FreeBSD,1,miss,0,15000,4960
FreeBSD,1,remove,0,15000,10907
FreeBSD,1,insert,0,16000,7554
FreeBSD,1,change,0,16000,19309
FreeBSD,1,hit,0,16000,6225
FreeBSD,1,miss,0,16000,5315
FreeBSD,1,remove,0,16000,11639
FreeBSD,1,insert,0,17000,7990
FreeBSD,1,change,0,17000,20386
FreeBSD,1,hit,0,17000,6583
FreeBSD,1,miss,0,17000,5505
FreeBSD,1,remove,0,17000,12398
FreeBSD,1,insert,0,18000,8471
FreeBSD,1,change,0,18000,21599
FreeBSD,1,hit,0,18000,6978
FreeBSD,1,miss,0,18000,5844
FreeBSD,1,remove,0,18000,13126
FreeBSD,1,insert,0,19000,8943
FreeBSD,1,change,0,19000,22824
FreeBSD,1,hit,0,19000,7373
FreeBSD,1,miss,0,19000,6186
FreeBSD,1,remove,0,19000,13860
FreeBSD,1,insert,0,20000,9425
FreeBSD,1,change,0,20000,24051
FreeBSD,1,hit,0,20000,7770
FreeBSD,1,miss,0,20000,6528
FreeBSD,1,remove,0,20000,14591
FreeBSD,1,insert,0,21000,9903
FreeBSD,1,change,0,21000,25283
FreeBSD,1,hit,0,21000,8170
FreeBSD,1,miss,0,21000,6871
FreeBSD,1,remove,0,21000,15326
FreeBSD,1,insert,0,22000,10369
FreeBSD,1,change,0,22000,26522
FreeBSD,1,hit,0,22000,8567
FreeBSD,1,miss,0,22000,7221
FreeBSD,1,remove,0,22000,16060
FreeBSD,1,insert,0,23000,10864
FreeBSD,1,change,0,23000,27749
FreeBSD,1,hit,0,23000,8968
FreeBSD,1,miss,0,23000,7576
FreeBSD,1,remove,0,23000,16789
FreeBSD,1,insert,0,24000,11343
FreeBSD,1,change,0,24000,28990
FreeBSD,1,hit,0,24000,9368
FreeBSD,1,miss,0,24000,7915
FreeBSD,1,remove,0,24000,17523
FreeBSD,1,insert,0,25000,11832
FreeBSD,1,change,0,25000,30244
FreeBSD,1,hit,0,25000,9767
FreeBSD,1,miss,0,25000,8265
FreeBSD,1,remove,0,25000,18255
FreeBSD,1,insert,0,26000,12389
FreeBSD,1,change,0,26000,31472
FreeBSD,1,hit,0,26000,10180
FreeBSD,1,miss,0,26000,8620
FreeBSD,1,remove,0,26000,18985
FreeBSD,1,insert,0,27000,12777
FreeBSD,1,change,0,27000,32715
FreeBSD,1,hit,0,27000,10578
FreeBSD,1,miss,0,27000,8971
FreeBSD,1,remove,0,27000,19717
FreeBSD,1,insert,0,28000,13284
FreeBSD,1,change,0,28000,33960
FreeBSD,1,hit,0,28000,10987
FreeBSD,1,miss,0,28000,9316
FreeBSD,1,remove,0,28000,20451
FreeBSD,1,insert,0,29000,13746
FreeBSD,1,change,0,29000,35177
FreeBSD,1,hit,0,29000,11385
FreeBSD,1,miss,0,29000,9670
FreeBSD,1,remove,0,29000,21182
FreeBSD,1,insert,0,30000,14237
FreeBSD,1,change,0,30000,36424
FreeBSD,1,hit,0,30000,11790
FreeBSD,1,miss,0,30000,10027
FreeBSD,1,remove,0,30000,21917
FreeBSD,1,insert,0,31000,14739
FreeBSD,1,change,0,31000,37677
FreeBSD,1,hit,0,31000,12195
FreeBSD,1,miss,0,31000,10372
FreeBSD,1,remove,0,31000,22654
FreeBSD,1,insert,0,32000,15229
FreeBSD,1,change,0,32000,38932
FreeBSD,1,hit,0,32000,12602
FreeBSD,1,miss,0,32000,10731
FreeBSD,1,remove,0,32000,23387
FreeBSD,1,insert,0,33000,15575
FreeBSD,1,change,0,33000,39750
FreeBSD,1,hit,0,33000,12868
FreeBSD,1,miss,0,33000,10762
FreeBSD,1,remove,0,33000,24153
FreeBSD,1,insert,0,34000,16051
FreeBSD,1,change,0,34000,40982
FreeBSD,1,hit,0,34000,13269
FreeBSD,1,miss,0,34000,11103
FreeBSD,1,remove,0,34000,24885
FreeBSD,1,insert,0,35000,16516
FreeBSD,1,change,0,35000,42192
FreeBSD,1,hit,0,35000,13671
FreeBSD,1,miss,0,35000,11440
FreeBSD,1,remove,0,35000,25618
FreeBSD,1,insert,0,36000,16996
FreeBSD,1,change,0,36000,43467
FreeBSD,1,hit,0,36000,14068
FreeBSD,1,miss,0,36000,11793
FreeBSD,1,remove,0,36000,26351
FreeBSD,1,insert,0,37000,17489
FreeBSD,1,change,0,37000,44667
FreeBSD,1,hit,0,37000,14466
FreeBSD,1,miss,0,37000,12134
FreeBSD,1,remove,0,37000,27084
FreeBSD,1,insert,0,38000,17968
FreeBSD,1,change,0,38000,45899
FreeBSD,1,hit,0,38000,14862
FreeBSD,1,miss,0,38000,12476
FreeBSD,1,remove,0,38000,27819
FreeBSD,1,insert,0,39000,18434
FreeBSD,1,change,0,39000,47116
FreeBSD,1,hit,0,39000,15267
FreeBSD,1,miss,0,39000,12820
FreeBSD,1,remove,0,39000,28563
FreeBSD,1,insert,0,40000,18910
FreeBSD,1,change,0,40000,48347
FreeBSD,1,hit,0,40000,15674
FreeBSD,1,miss,0,40000,13174
FreeBSD,1,remove,0,40000,29291
FreeBSD,1,insert,0,41000,19412
FreeBSD,1,change,0,41000,49609
FreeBSD,1,hit,0,41000,16072
FreeBSD,1,miss,0,41000,13523
FreeBSD,1,remove,0,41000,30023
FreeBSD,1,insert,0,42000,19886
FreeBSD,1,change,0,42000,50837
FreeBSD,1,hit,0,42000,16468
FreeBSD,1,miss,0,42000,13872
FreeBSD,1,remove,0,42000,30763
FreeBSD,1,insert,0,43000,20360
FreeBSD,1,change,0,43000,52057
FreeBSD,1,hit,0,43000,16871
FreeBSD,1,miss,0,43000,14217
FreeBSD,1,remove,0,43000,31488
FreeBSD,1,insert,0,44000,20863
FreeBSD,1,change,0,44000,53402
FreeBSD,1,hit,0,44000,17273
FreeBSD,1,miss,0,44000,14567
FreeBSD,1,remove,0,44000,32224
FreeBSD,1,insert,0,45000,21330
FreeBSD,1,change,0,45000,54570
FreeBSD,1,hit,0,45000,17671
FreeBSD,1,miss,0,45000,14916
FreeBSD,1,remove,0,45000,32957
FreeBSD,1,insert,0,46000,21828
FreeBSD,1,change,0,46000,55866
FreeBSD,1,hit,0,46000,18080
FreeBSD,1,miss,0,46000,15279
FreeBSD,1,remove,0,46000,33696
FreeBSD,1,insert,0,47000,22315
FreeBSD,1,change,0,47000,57042
FreeBSD,1,hit,0,47000,18476
FreeBSD,1,miss,0,47000,15624
FreeBSD,1,remove,0,47000,34432
FreeBSD,1,insert,0,48000,22779
FreeBSD,1,change,0,48000,58267
FreeBSD,1,hit,0,48000,18869
FreeBSD,1,miss,0,48000,15971
FreeBSD,1,remove,0,48000,35162
FreeBSD,1,insert,0,49000,23267
FreeBSD,1,change,0,49000,59508
FreeBSD,1,hit,0,49000,19286
FreeBSD,1,miss,0,49000,16317
FreeBSD,1,remove,0,49000,35897
FreeBSD,1,insert,0,50000,23764
FreeBSD,1,change,0,50000,60777
FreeBSD,1,hit,0,50000,19690
FreeBSD,1,miss,0,50000,16676
FreeBSD,1,remove,0,50000,36628
FreeBSD,1,insert,0,51000,24300
FreeBSD,1,change,0,51000,62046
FreeBSD,1,hit,0,51000,20089
FreeBSD,1,miss,0,51000,17033
FreeBSD,1,remove,0,51000,37388
FreeBSD,1,insert,0,52000,24755
FreeBSD,1,change,0,52000,63289
FreeBSD,1,hit,0,52000,20490
FreeBSD,1,miss,0,52000,17381
FreeBSD,1,remove,0,52000,38371
FreeBSD,1,insert,0,53000,25219
FreeBSD,1,change,0,53000,64501
FreeBSD,1,hit,0,53000,20900
FreeBSD,1,miss,0,53000,17739
FreeBSD,1,remove,0,53000,38835
FreeBSD,1,insert,0,54000,25729
FreeBSD,1,change,0,54000,65758
FreeBSD,1,hit,0,54000,21302
FreeBSD,1,miss,0,54000,18109
FreeBSD,1,remove,0,54000,39568
FreeBSD,1,insert,0,55000,26201
FreeBSD,1,change,0,55000,67025
FreeBSD,1,hit,0,55000,21698
FreeBSD,1,miss,0,55000,18447
FreeBSD,1,remove,0,55000,40309
FreeBSD,1,insert,0,56000,26693
FreeBSD,1,change,0,56000,68271
FreeBSD,1,hit,0,56000,22104
FreeBSD,1,miss,0,56000,18810
FreeBSD,1,remove,0,56000,41042
FreeBSD,1,insert,0,57000,27172
FreeBSD,1,change,0,57000,69494
FreeBSD,1,hit,0,57000,22509
FreeBSD,1,miss,0,57000,19166
FreeBSD,1,remove,0,57000,41769
FreeBSD,1,insert,0,58000,27818
FreeBSD,1,change,0,58000,70756
FreeBSD,1,hit,0,58000,22925
FreeBSD,1,miss,0,58000,19504
FreeBSD,1,remove,0,58000,42509
FreeBSD,1,insert,0,59000,28147
FreeBSD,1,change,0,59000,71920
FreeBSD,1,hit,0,59000,23308
FreeBSD,1,miss,0,59000,19884
FreeBSD,1,remove,0,59000,43247
FreeBSD,1,insert,0,60000,28626
FreeBSD,1,change,0,60000,73186
FreeBSD,1,hit,0,60000,23733
FreeBSD,1,miss,0,60000,20236
FreeBSD,1,remove,0,60000,43979
FreeBSD,1,insert,0,61000,29130
FreeBSD,1,change,0,61000,74504
FreeBSD,1,hit,0,61000,24139
FreeBSD,1,miss,0,61000,20598
FreeBSD,1,remove,0,61000,44713
FreeBSD,1,insert,0,62000,29615
FreeBSD,1,change,0,62000,75677
FreeBSD,1,hit,0,62000,24544
FreeBSD,1,miss,0,62000,20940
FreeBSD,1,remove,0,62000,45451
FreeBSD,1,insert,0,63000,30144
FreeBSD,1,change,0,63000,76987
FreeBSD,1,hit,0,63000,24946
FreeBSD,1,miss,0,63000,21302
FreeBSD,1,remove,0,63000,46193
FreeBSD,1,insert,0,64000,30629
FreeBSD,1,change,0,64000,78224
FreeBSD,1,hit,0,64000,25362
FreeBSD,1,miss,0,64000,21651
FreeBSD,1,remove,0,64000,46923
FreeBSD,1,insert,0,65000,31092
FreeBSD,1,change,0,65000,79423
FreeBSD,1,hit,0,65000,25779
FreeBSD,1,miss,0,65000,22018
FreeBSD,1,remove,0,65000,47671
FreeBSD,1,insert,0,66000,31206
FreeBSD,1,change,0,66000,79797
FreeBSD,1,hit,0,66000,25811
FreeBSD,1,miss,0,66000,21597
FreeBSD,1,remove,0,66000,48377
FreeBSD,1,insert,0,67000,31612
FreeBSD,1,change,0,67000,80986
FreeBSD,1,hit,0,67000,26225
FreeBSD,1,miss,0,67000,21933
FreeBSD,1,remove,0,67000,49111
FreeBSD,1,insert,0,68000,32154
FreeBSD,1,change,0,68000,82281
FreeBSD,1,hit,0,68000,26609
FreeBSD,1,miss,0,68000,22285
FreeBSD,1,remove,0,68000,49850
FreeBSD,1,insert,0,69000,32627
FreeBSD,1,change,0,69000,84262
FreeBSD,1,hit,0,69000,27007
FreeBSD,1,miss,0,69000,22624
FreeBSD,1,remove,0,69000,50595
FreeBSD,1,insert,0,70000,33106
FreeBSD,1,change,0,70000,84729
FreeBSD,1,hit,0,70000,27413
FreeBSD,1,miss,0,70000,22981
FreeBSD,1,remove,0,70000,51321
FreeBSD,1,insert,0,71000,33583
FreeBSD,1,change,0,71000,85968
FreeBSD,1,hit,0,71000,27859
FreeBSD,1,miss,0,71000,23320
FreeBSD,1,remove,0,71000,52050
FreeBSD,1,insert,0,72000,34077
FreeBSD,1,change,0,72000,87206
FreeBSD,1,hit,0,72000,28193
FreeBSD,1,miss,0,72000,23664
FreeBSD,1,remove,0,72000,52825
FreeBSD,1,insert,0,73000,34546
FreeBSD,1,change,0,73000,88438
FreeBSD,1,hit,0,73000,28605
FreeBSD,1,miss,0,73000,24021
FreeBSD,1,remove,0,73000,53515
FreeBSD,1,insert,0,74000,34962
FreeBSD,1,change,0,74000,89598
FreeBSD,1,hit,0,74000,29007
FreeBSD,1,miss,0,74000,24372
FreeBSD,1,remove,0,74000,54244
FreeBSD,1,insert,0,75000,35545
FreeBSD,1,change,0,75000,90890
FreeBSD,1,hit,0,75000,29407
FreeBSD,1,miss,0,75000,24718
FreeBSD,1,remove,0,75000,55030
FreeBSD,1,insert,0,76000,35981
FreeBSD,1,change,0,76000,92132
FreeBSD,1,hit,0,76000,29808
FreeBSD,1,miss,0,76000,25060
FreeBSD,1,remove,0,76000,55714
FreeBSD,1,insert,0,77000,36466
FreeBSD,1,change,0,77000,93729
FreeBSD,1,hit,0,77000,30237
FreeBSD,1,miss,0,77000,25395
FreeBSD,1,remove,0,77000,56458
FreeBSD,1,insert,0,78000,36885
FreeBSD,1,change,0,78000,94587
FreeBSD,1,hit,0,78000,30612
FreeBSD,1,miss,0,78000,25757
FreeBSD,1,remove,0,78000,57178
FreeBSD,1,insert,0,79000,37428
FreeBSD,1,change,0,79000,95889
FreeBSD,1,hit,0,79000,31016
FreeBSD,1,miss,0,79000,26112
FreeBSD,1,remove,0,79000,57913
FreeBSD,1,insert,0,80000,37914
FreeBSD,1,change,0,80000,97071
FreeBSD,1,hit,0,80000,31419
FreeBSD,1,miss,0,80000,26455
FreeBSD,1,remove,0,80000,58655
FreeBSD,1,insert,0,81000,38391
FreeBSD,1,change,0,81000,98307
FreeBSD,1,hit,0,81000,31827
FreeBSD,1,miss,0,81000,26800
FreeBSD,1,remove,0,81000,59381
FreeBSD,1,insert,0,82000,38797
FreeBSD,1,change,0,82000,99479
FreeBSD,1,hit,0,82000,32212
FreeBSD,1,miss,0,82000,27157
FreeBSD,1,remove,0,82000,60113
FreeBSD,1,insert,0,83000,39366
FreeBSD,1,change,0,83000,100757
FreeBSD,1,hit,0,83000,32616
FreeBSD,1,miss,0,83000,27490
FreeBSD,1,remove,0,83000,60908
FreeBSD,1,insert,0,84000,39842
FreeBSD,1,change,0,84000,102063
FreeBSD,1,hit,0,84000,33019
FreeBSD,1,miss,0,84000,27948
FreeBSD,1,remove,0,84000,61381
FreeBSD,1,insert,0,85000,40333
FreeBSD,1,change,0,85000,103281
FreeBSD,1,hit,0,85000,33414
FreeBSD,1,miss,0,85000,28200
FreeBSD,1,remove,0,85000,62319
FreeBSD,1,insert,0,86000,40734
FreeBSD,1,change,0,86000,104475
FreeBSD,1,hit,0,86000,33825
FreeBSD,1,miss,0,86000,28535
FreeBSD,1,remove,0,86000,63053
FreeBSD,1,insert,0,87000,41288
FreeBSD,1,change,0,87000,105771
FreeBSD,1,hit,0,87000,34231
FreeBSD,1,miss,0,87000,28888
FreeBSD,1,remove,0,87000,63793
FreeBSD,1,insert,0,88000,41693
FreeBSD,1,change,0,88000,106906
FreeBSD,1,hit,0,88000,34667
FreeBSD,1,miss,0,88000,29233
FreeBSD,1,remove,0,88000,64525
FreeBSD,1,insert,0,89000,42180
FreeBSD,1,change,0,89000,108274
FreeBSD,1,hit,0,89000,35012
FreeBSD,1,miss,0,89000,29620
FreeBSD,1,remove,0,89000,65259
FreeBSD,1,insert,0,90000,42687
FreeBSD,1,change,0,90000,109512
FreeBSD,1,hit,0,90000,35413
FreeBSD,1,miss,0,90000,29949
FreeBSD,1,remove,0,90000,65992
FreeBSD,1,insert,0,91000,43247
FreeBSD,1,change,0,91000,110743
FreeBSD,1,hit,0,91000,35818
FreeBSD,1,miss,0,91000,30293
FreeBSD,1,remove,0,91000,66731
FreeBSD,1,insert,0,92000,43636
FreeBSD,1,change,0,92000,112042
FreeBSD,1,hit,0,92000,36224
FreeBSD,1,miss,0,92000,30641
FreeBSD,1,remove,0,92000,67471
FreeBSD,1,insert,0,93000,44146
FreeBSD,1,change,0,93000,113285
FreeBSD,1,hit,0,93000,36631
FreeBSD,1,miss,0,93000,31001
FreeBSD,1,remove,0,93000,68204
FreeBSD,1,insert,0,94000,44711
FreeBSD,1,change,0,94000,114571
FreeBSD,1,hit,0,94000,37048
FreeBSD,1,miss,0,94000,31395
FreeBSD,1,remove,0,94000,68948
FreeBSD,1,insert,0,95000,45198
FreeBSD,1,change,0,95000,116115
FreeBSD,1,hit,0,95000,37463
FreeBSD,1,miss,0,95000,31813
FreeBSD,1,remove,0,95000,69442
FreeBSD,1,insert,0,96000,45570
FreeBSD,1,change,0,96000,116905
FreeBSD,1,hit,0,96000,37842
FreeBSD,1,miss,0,96000,32058
FreeBSD,1,remove,0,96000,70415
FreeBSD,1,insert,0,97000,46141
FreeBSD,1,change,0,97000,118265
FreeBSD,1,hit,0,97000,38243
FreeBSD,1,miss,0,97000,32428
FreeBSD,1,remove,0,97000,71138
FreeBSD,1,insert,0,98000,46585
FreeBSD,1,change,0,98000,119501
FreeBSD,1,hit,0,98000,38648
FreeBSD,1,miss,0,98000,32772
FreeBSD,1,remove,0,98000,71883
FreeBSD,1,insert,0,99000,47338
FreeBSD,1,change,0,99000,120768
FreeBSD,1,hit,0,99000,39050
FreeBSD,1,miss,0,99000,33135
FreeBSD,1,remove,0,99000,72617
FreeBSD,1,insert,0,100000,47590
FreeBSD,1,change,0,100000,121938
FreeBSD,1,hit,0,100000,39457
FreeBSD,1,miss,0,100000,33485
FreeBSD,1,remove,0,100000,73405
FreeBSD,1,insert,1,1000,464
FreeBSD,1,change,1,1000,1175
FreeBSD,1,hit,1,1000,378
FreeBSD,1,miss,1,1000,319
FreeBSD,1,remove,1,1000,718
FreeBSD,1,insert,1,2000,926
FreeBSD,1,change,1,2000,2362
FreeBSD,1,hit,1,2000,759
FreeBSD,1,miss,1,2000,641
FreeBSD,1,remove,1,2000,1438
FreeBSD,1,insert,1,3000,1384
FreeBSD,1,change,1,3000,3545
FreeBSD,1,hit,1,3000,1136
FreeBSD,1,miss,1,3000,958
FreeBSD,1,remove,1,3000,2159
FreeBSD,1,insert,1,4000,1852
FreeBSD,1,change,1,4000,4750
FreeBSD,1,hit,1,4000,1522
FreeBSD,1,miss,1,4000,1292
FreeBSD,1,remove,1,4000,2883
FreeBSD,1,insert,1,5000,2312
FreeBSD,1,change,1,5000,5928
FreeBSD,1,hit,1,5000,1897
FreeBSD,1,miss,1,5000,1598
FreeBSD,1,remove,1,5000,3612
FreeBSD,1,insert,1,6000,2784
FreeBSD,1,change,1,6000,7138
FreeBSD,1,hit,1,6000,2288
FreeBSD,1,miss,1,6000,1939
FreeBSD,1,remove,1,6000,4339
FreeBSD,1,insert,1,7000,3254
FreeBSD,1,change,1,7000,8352
FreeBSD,1,hit,1,7000,2681
FreeBSD,1,miss,1,7000,2275
FreeBSD,1,remove,1,7000,5069
FreeBSD,1,insert,1,8000,3737
FreeBSD,1,change,1,8000,9570
FreeBSD,1,hit,1,8000,3074
FreeBSD,1,miss,1,8000,2619
FreeBSD,1,remove,1,8000,5792
FreeBSD,1,insert,1,9000,4196
FreeBSD,1,change,1,9000,10723
FreeBSD,1,hit,1,9000,3447
FreeBSD,1,miss,1,9000,2892
FreeBSD,1,remove,1,9000,6533
FreeBSD,1,insert,1,10000,4671
FreeBSD,1,change,1,10000,11941
FreeBSD,1,hit,1,10000,3845
FreeBSD,1,miss,1,10000,3228
FreeBSD,1,remove,1,10000,7261
FreeBSD,1,insert,1,11000,5149
FreeBSD,1,change,1,11000,13160
FreeBSD,1,hit,1,11000,4240
FreeBSD,1,miss,1,11000,3574
FreeBSD,1,remove,1,11000,7992
FreeBSD,1,insert,1,12000,5617
FreeBSD,1,change,1,12000,14384
FreeBSD,1,hit,1,12000,4634
FreeBSD,1,miss,1,12000,3915
FreeBSD,1,remove,1,12000,8719
FreeBSD,1,insert,1,13000,6104
FreeBSD,1,change,1,13000,15615
FreeBSD,1,hit,1,13000,5030
FreeBSD,1,miss,1,13000,4260
FreeBSD,1,remove,1,13000,9496
FreeBSD,1,insert,1,14000,6586
FreeBSD,1,change,1,14000,16837
FreeBSD,1,hit,1,14000,5430
FreeBSD,1,miss,1,14000,4611
FreeBSD,1,remove,1,14000,10180
FreeBSD,1,insert,1,15000,7070
FreeBSD,1,change,1,15000,18066
FreeBSD,1,hit,1,15000,5830
FreeBSD,1,miss,1,15000,4958
FreeBSD,1,remove,1,15000,10909
FreeBSD,1,insert,1,16000,7555
FreeBSD,1,change,1,16000,19306
FreeBSD,1,hit,1,16000,6229
FreeBSD,1,miss,1,16000,5308
FreeBSD,1,remove,1,16000,11638
FreeBSD,1,insert,1,17000,7987
FreeBSD,1,change,1,17000,20377
FreeBSD,1,hit,1,17000,6591
FreeBSD,1,miss,1,17000,5504
FreeBSD,1,remove,1,17000,12400
FreeBSD,1,insert,1,18000,8474
FreeBSD,1,change,1,18000,21602
FreeBSD,1,hit,1,18000,6984
FreeBSD,1,miss,1,18000,5848
FreeBSD,1,remove,1,18000,13130
FreeBSD,1,insert,1,19000,8942
FreeBSD,1,change,1,19000,22821
FreeBSD,1,hit,1,19000,7377
FreeBSD,1,miss,1,19000,6190
FreeBSD,1,remove,1,19000,13866
FreeBSD,1,insert,1,20000,9418
FreeBSD,1,change,1,20000,24048
FreeBSD,1,hit,1,20000,7777
FreeBSD,1,miss,1,20000,6531
FreeBSD,1,remove,1,20000,14594
FreeBSD,1,insert,1,21000,9900
FreeBSD,1,change,1,21000,25282
FreeBSD,1,hit,1,21000,8176
FreeBSD,1,miss,1,21000,6876
FreeBSD,1,remove,1,21000,15325
FreeBSD,1,insert,1,22000,10382
FreeBSD,1,change,1,22000,26510
FreeBSD,1,hit,1,22000,8577
FreeBSD,1,miss,1,22000,7227
FreeBSD,1,remove,1,22000,16067
FreeBSD,1,insert,1,23000,10862
FreeBSD,1,change,1,23000,27751
FreeBSD,1,hit,1,23000,8974
FreeBSD,1,miss,1,23000,7570
FreeBSD,1,remove,1,23000,16790
FreeBSD,1,insert,1,24000,11346
FreeBSD,1,change,1,24000,28998
FreeBSD,1,hit,1,24000,9373
FreeBSD,1,miss,1,24000,7922
FreeBSD,1,remove,1,24000,17524
FreeBSD,1,insert,1,25000,11803
FreeBSD,1,change,1,25000,30231
FreeBSD,1,hit,1,25000,9778
FreeBSD,1,miss,1,25000,8266
FreeBSD,1,remove,1,25000,18254
FreeBSD,1,insert,1,26000,12308
FreeBSD,1,change,1,26000,31474
FreeBSD,1,hit,1,26000,10177
FreeBSD,1,miss,1,26000,8617
FreeBSD,1,remove,1,26000,18985
FreeBSD,1,insert,1,27000,12800
FreeBSD,1,change,1,27000,32712
FreeBSD,1,hit,1,27000,10580
FreeBSD,1,miss,1,27000,8973
FreeBSD,1,remove,1,27000,19724
FreeBSD,1,insert,1,28000,13260
FreeBSD,1,change,1,28000,33945
FreeBSD,1,hit,1,28000,10979
FreeBSD,1,miss,1,28000,9322
FreeBSD,1,remove,1,28000,20452
FreeBSD,1,insert,1,29000,13773
FreeBSD,1,change,1,29000,35196
FreeBSD,1,hit,1,29000,11384
FreeBSD,1,miss,1,29000,9678
FreeBSD,1,remove,1,29000,21187
FreeBSD,1,insert,1,30000,14255
FreeBSD,1,change,1,30000,36441
FreeBSD,1,hit,1,30000,11782
FreeBSD,1,miss,1,30000,10027
FreeBSD,1,remove,1,30000,21917
FreeBSD,1,insert,1,31000,14753
FreeBSD,1,change,1,31000,37680
FreeBSD,1,hit,1,31000,12194
FreeBSD,1,miss,1,31000,10389
FreeBSD,1,remove,1,31000,22652
FreeBSD,1,insert,1,32000,15236
FreeBSD,1,change,1,32000,38936
FreeBSD,1,hit,1,32000,12599
FreeBSD,1,miss,1,32000,10742
FreeBSD,1,remove,1,32000,23385
FreeBSD,1,insert,1,33000,15572
FreeBSD,1,change,1,33000,39767
FreeBSD,1,hit,1,33000,12865
FreeBSD,1,miss,1,33000,10751
FreeBSD,1,remove,1,33000,24151
FreeBSD,1,insert,1,34000,16049
FreeBSD,1,change,1,34000,40982
FreeBSD,1,hit,1,34000,13262
FreeBSD,1,miss,1,34000,11100
FreeBSD,1,remove,1,34000,24883
FreeBSD,1,insert,1,35000,16536
FreeBSD,1,change,1,35000,42201
FreeBSD,1,hit,1,35000,13664
FreeBSD,1,miss,1,35000,11437
FreeBSD,1,remove,1,35000,25619
FreeBSD,1,insert,1,36000,17010
FreeBSD,1,change,1,36000,43422
FreeBSD,1,hit,1,36000,14061
FreeBSD,1,miss,1,36000,11783
FreeBSD,1,remove,1,36000,26355
FreeBSD,1,insert,1,37000,17487
FreeBSD,1,change,1,37000,44660
FreeBSD,1,hit,1,37000,14459
FreeBSD,1,miss,1,37000,12141
FreeBSD,1,remove,1,37000,27086
FreeBSD,1,insert,1,38000,17965
FreeBSD,1,change,1,38000,45889
FreeBSD,1,hit,1,38000,14870
FreeBSD,1,miss,1,38000,12477
FreeBSD,1,remove,1,38000,27818
FreeBSD,1,insert,1,39000,18447
FreeBSD,1,change,1,39000,47133
FreeBSD,1,hit,1,39000,15267
FreeBSD,1,miss,1,39000,12823
FreeBSD,1,remove,1,39000,28550
FreeBSD,1,insert,1,40000,18930
FreeBSD,1,change,1,40000,48375
FreeBSD,1,hit,1,40000,15668
FreeBSD,1,miss,1,40000,13183
FreeBSD,1,remove,1,40000,29286
FreeBSD,1,insert,1,41000,19414
FreeBSD,1,change,1,41000,49594
FreeBSD,1,hit,1,41000,16061
FreeBSD,1,miss,1,41000,13520
FreeBSD,1,remove,1,41000,29953
FreeBSD,1,insert,1,42000,20011
FreeBSD,1,change,1,42000,51036
FreeBSD,1,hit,1,42000,16478
FreeBSD,1,miss,1,42000,13927
FreeBSD,1,remove,1,42000,30654
FreeBSD,1,insert,1,43000,20497
FreeBSD,1,change,1,43000,52289
FreeBSD,1,hit,1,43000,16874
FreeBSD,1,miss,1,43000,14271
FreeBSD,1,remove,1,43000,31386
FreeBSD,1,insert,1,44000,20940
FreeBSD,1,change,1,44000,53311
FreeBSD,1,hit,1,44000,17264
FreeBSD,1,miss,1,44000,14576
FreeBSD,1,remove,1,44000,32232
FreeBSD,1,insert,1,45000,21342
FreeBSD,1,change,1,45000,54562
FreeBSD,1,hit,1,45000,17675
FreeBSD,1,miss,1,45000,14925
FreeBSD,1,remove,1,45000,32959
FreeBSD,1,insert,1,46000,21828
FreeBSD,1,change,1,46000,55803
FreeBSD,1,hit,1,46000,18069
FreeBSD,1,miss,1,46000,15301
FreeBSD,1,remove,1,46000,33699
FreeBSD,1,insert,1,47000,22292
FreeBSD,1,change,1,47000,57007
FreeBSD,1,hit,1,47000,18462
FreeBSD,1,miss,1,47000,15640
FreeBSD,1,remove,1,47000,34428
FreeBSD,1,insert,1,48000,22792
FreeBSD,1,change,1,48000,58281
FreeBSD,1,hit,1,48000,18863
FreeBSD,1,miss,1,48000,15989
FreeBSD,1,remove,1,48000,35170
FreeBSD,1,insert,1,49000,23281
FreeBSD,1,change,1,49000,59526
FreeBSD,1,hit,1,49000,19264
FreeBSD,1,miss,1,49000,16335
FreeBSD,1,remove,1,49000,35898
FreeBSD,1,insert,1,50000,23764
FreeBSD,1,change,1,50000,60782
FreeBSD,1,hit,1,50000,19665
FreeBSD,1,miss,1,50000,16693
FreeBSD,1,remove,1,50000,36635
FreeBSD,1,insert,1,51000,24253
FreeBSD,1,change,1,51000,62032
FreeBSD,1,hit,1,51000,20072
FreeBSD,1,miss,1,51000,17034
FreeBSD,1,remove,1,51000,37367
FreeBSD,1,insert,1,52000,24725
FreeBSD,1,change,1,52000,63229
FreeBSD,1,hit,1,52000,20514
FreeBSD,1,miss,1,52000,17389
FreeBSD,1,remove,1,52000,38097
FreeBSD,1,insert,1,53000,25229
FreeBSD,1,change,1,53000,64528
FreeBSD,1,hit,1,53000,20875
FreeBSD,1,miss,1,53000,17753
FreeBSD,1,remove,1,53000,38839
FreeBSD,1,insert,1,54000,25716
FreeBSD,1,change,1,54000,65773
FreeBSD,1,hit,1,54000,21280
FreeBSD,1,miss,1,54000,18111
FreeBSD,1,remove,1,54000,39571
FreeBSD,1,insert,1,55000,26210
FreeBSD,1,change,1,55000,67008
FreeBSD,1,hit,1,55000,21686
FreeBSD,1,miss,1,55000,18455
FreeBSD,1,remove,1,55000,40306
FreeBSD,1,insert,1,56000,26697
FreeBSD,1,change,1,56000,68264
FreeBSD,1,hit,1,56000,22089
FreeBSD,1,miss,1,56000,18823
FreeBSD,1,remove,1,56000,41041
FreeBSD,1,insert,1,57000,27185
FreeBSD,1,change,1,57000,69518
FreeBSD,1,hit,1,57000,22492
FreeBSD,1,miss,1,57000,19167
FreeBSD,1,remove,1,57000,41780
FreeBSD,1,insert,1,58000,27669
FreeBSD,1,change,1,58000,70752
FreeBSD,1,hit,1,58000,22904
FreeBSD,1,miss,1,58000,19516
FreeBSD,1,remove,1,58000,42518
FreeBSD,1,insert,1,59000,28143
FreeBSD,1,change,1,59000,71964
FreeBSD,1,hit,1,59000,23306
FreeBSD,1,miss,1,59000,19868
FreeBSD,1,remove,1,59000,43245
FreeBSD,1,insert,1,60000,28658
FreeBSD,1,change,1,60000,73242
FreeBSD,1,hit,1,60000,23714
FreeBSD,1,miss,1,60000,20239
FreeBSD,1,remove,1,60000,43978
FreeBSD,1,insert,1,61000,29165
FreeBSD,1,change,1,61000,74502
FreeBSD,1,hit,1,61000,24126
FreeBSD,1,miss,1,61000,20603
FreeBSD,1,remove,1,61000,44717
FreeBSD,1,insert,1,62000,29637
FreeBSD,1,change,1,62000,75732
FreeBSD,1,hit,1,62000,24530
FreeBSD,1,miss,1,62000,20934
FreeBSD,1,remove,1,62000,45455
FreeBSD,1,insert,1,63000,30128
FreeBSD,1,change,1,63000,76988
FreeBSD,1,hit,1,63000,24933
FreeBSD,1,miss,1,63000,21300
FreeBSD,1,remove,1,63000,46189
FreeBSD,1,insert,1,64000,30610
FreeBSD,1,change,1,64000,78214
FreeBSD,1,hit,1,64000,25337
FreeBSD,1,miss,1,64000,21624
FreeBSD,1,remove,1,64000,46925
FreeBSD,1,insert,1,65000,31111
FreeBSD,1,change,1,65000,79425
FreeBSD,1,hit,1,65000,25750
FreeBSD,1,miss,1,65000,22001
FreeBSD,1,remove,1,65000,47657
FreeBSD,1,insert,1,66000,31330
FreeBSD,1,change,1,66000,79800
FreeBSD,1,hit,1,66000,25792
FreeBSD,1,miss,1,66000,21600
FreeBSD,1,remove,1,66000,48366
FreeBSD,1,insert,1,67000,31657
FreeBSD,1,change,1,67000,81057
FreeBSD,1,hit,1,67000,26190
FreeBSD,1,miss,1,67000,21946
FreeBSD,1,remove,1,67000,49104
FreeBSD,1,insert,1,68000,32150
FreeBSD,1,change,1,68000,82300
FreeBSD,1,hit,1,68000,26590
FreeBSD,1,miss,1,68000,22282
FreeBSD,1,remove,1,68000,49836
FreeBSD,1,insert,1,69000,32626
FreeBSD,1,change,1,69000,83472
FreeBSD,1,hit,1,69000,26984
FreeBSD,1,miss,1,69000,22642
FreeBSD,1,remove,1,69000,50567
FreeBSD,1,insert,1,70000,33108
FreeBSD,1,change,1,70000,84703
FreeBSD,1,hit,1,70000,27389
FreeBSD,1,miss,1,70000,22994
FreeBSD,1,remove,1,70000,51298
FreeBSD,1,insert,1,71000,33586
FreeBSD,1,change,1,71000,85954
FreeBSD,1,hit,1,71000,27836
FreeBSD,1,miss,1,71000,23322
FreeBSD,1,remove,1,71000,52039
FreeBSD,1,insert,1,72000,34070
FreeBSD,1,change,1,72000,87176
FreeBSD,1,hit,1,72000,28181
FreeBSD,1,miss,1,72000,23669
FreeBSD,1,remove,1,72000,52829
FreeBSD,1,insert,1,73000,34477
FreeBSD,1,change,1,73000,88358
FreeBSD,1,hit,1,73000,28580
FreeBSD,1,miss,1,73000,24007
FreeBSD,1,remove,1,73000,53508
FreeBSD,1,insert,1,74000,35024
FreeBSD,1,change,1,74000,89662
FreeBSD,1,hit,1,74000,28984
FreeBSD,1,miss,1,74000,24425
FreeBSD,1,remove,1,74000,54058
FreeBSD,1,insert,1,75000,35642
FreeBSD,1,change,1,75000,91131
FreeBSD,1,hit,1,75000,29386
FreeBSD,1,miss,1,75000,24673
FreeBSD,1,remove,1,75000,55024
FreeBSD,1,insert,1,76000,35986
FreeBSD,1,change,1,76000,92131
FreeBSD,1,hit,1,76000,29797
FreeBSD,1,miss,1,76000,25045
FreeBSD,1,remove,1,76000,55708
FreeBSD,1,insert,1,77000,36398
FreeBSD,1,change,1,77000,93337
FreeBSD,1,hit,1,77000,30183
FreeBSD,1,miss,1,77000,25395
FreeBSD,1,remove,1,77000,56439
FreeBSD,1,insert,1,78000,36887
FreeBSD,1,change,1,78000,94541
FreeBSD,1,hit,1,78000,30580
FreeBSD,1,miss,1,78000,25722
FreeBSD,1,remove,1,78000,57175
FreeBSD,1,insert,1,79000,37356
FreeBSD,1,change,1,79000,95799
FreeBSD,1,hit,1,79000,30985
FreeBSD,1,miss,1,79000,26105
FreeBSD,1,remove,1,79000,57911
FreeBSD,1,insert,1,80000,37893
FreeBSD,1,change,1,80000,97016
FreeBSD,1,hit,1,80000,31380
FreeBSD,1,miss,1,80000,26434
FreeBSD,1,remove,1,80000,58522
FreeBSD,1,insert,1,81000,38514
FreeBSD,1,change,1,81000,98305
FreeBSD,1,hit,1,81000,31792
FreeBSD,1,miss,1,81000,26784
FreeBSD,1,remove,1,81000,59384
FreeBSD,1,insert,1,82000,38885
FreeBSD,1,change,1,82000,99550
FreeBSD,1,hit,1,82000,32185
FreeBSD,1,miss,1,82000,27133
FreeBSD,1,remove,1,82000,60115
FreeBSD,1,insert,1,83000,39356
FreeBSD,1,change,1,83000,100776
FreeBSD,1,hit,1,83000,32618
FreeBSD,1,miss,1,83000,27484
FreeBSD,1,remove,1,83000,60850
FreeBSD,1,insert,1,84000,39838
FreeBSD,1,change,1,84000,102023
FreeBSD,1,hit,1,84000,33005
FreeBSD,1,miss,1,84000,27837
FreeBSD,1,remove,1,84000,61589
FreeBSD,1,insert,1,85000,40252
FreeBSD,1,change,1,85000,103213
FreeBSD,1,hit,1,85000,33384
FreeBSD,1,miss,1,85000,28187
FreeBSD,1,remove,1,85000,62318
FreeBSD,1,insert,1,86000,40808
FreeBSD,1,change,1,86000,104487
FreeBSD,1,hit,1,86000,33807
FreeBSD,1,miss,1,86000,28526
FreeBSD,1,remove,1,86000,63058
FreeBSD,1,insert,1,87000,41287
FreeBSD,1,change,1,87000,105763
FreeBSD,1,hit,1,87000,34193
FreeBSD,1,miss,1,87000,28884
FreeBSD,1,remove,1,87000,63790
FreeBSD,1,insert,1,88000,41694
FreeBSD,1,change,1,88000,106937
FreeBSD,1,hit,1,88000,34610
FreeBSD,1,miss,1,88000,29272
FreeBSD,1,remove,1,88000,64525
FreeBSD,1,insert,1,89000,42260
FreeBSD,1,change,1,89000,108257
FreeBSD,1,hit,1,89000,34995
FreeBSD,1,miss,1,89000,29585
FreeBSD,1,remove,1,89000,65267
FreeBSD,1,insert,1,90000,42738
FreeBSD,1,change,1,90000,109497
FreeBSD,1,hit,1,90000,35400
FreeBSD,1,miss,1,90000,29946
FreeBSD,1,remove,1,90000,65996
FreeBSD,1,insert,1,91000,43222
FreeBSD,1,change,1,91000,110740
FreeBSD,1,hit,1,91000,35839
FreeBSD,1,miss,1,91000,30292
FreeBSD,1,remove,1,91000,66739
FreeBSD,1,insert,1,92000,43625
FreeBSD,1,change,1,92000,111917
FreeBSD,1,hit,1,92000,36243
FreeBSD,1,miss,1,92000,30665
FreeBSD,1,remove,1,92000,67465
FreeBSD,1,insert,1,93000,44196
FreeBSD,1,change,1,93000,113227
FreeBSD,1,hit,1,93000,36643
FreeBSD,1,miss,1,93000,31025
FreeBSD,1,remove,1,93000,68208
FreeBSD,1,insert,1,94000,44701
FreeBSD,1,change,1,94000,114549
FreeBSD,1,hit,1,94000,37047
FreeBSD,1,miss,1,94000,31360
FreeBSD,1,remove,1,94000,68938
FreeBSD,1,insert,1,95000,45190
FreeBSD,1,change,1,95000,115806
FreeBSD,1,hit,1,95000,37458
FreeBSD,1,miss,1,95000,31696
FreeBSD,1,remove,1,95000,69673
FreeBSD,1,insert,1,96000,45651
FreeBSD,1,change,1,96000,116966
FreeBSD,1,hit,1,96000,37864
FreeBSD,1,miss,1,96000,32131
FreeBSD,1,remove,1,96000,70393
FreeBSD,1,insert,1,97000,46042
FreeBSD,1,change,1,97000,118135
FreeBSD,1,hit,1,97000,38263
FreeBSD,1,miss,1,97000,32410
FreeBSD,1,remove,1,97000,71137
FreeBSD,1,insert,1,98000,46618
FreeBSD,1,change,1,98000,119526
FreeBSD,1,hit,1,98000,38660
FreeBSD,1,miss,1,98000,32767
FreeBSD,1,remove,1,98000,71881
FreeBSD,1,insert,1,99000,47151
FreeBSD,1,change,1,99000,120784
FreeBSD,1,hit,1,99000,39067
FreeBSD,1,miss,1,99000,33102
FreeBSD,1,remove,1,99000,72613
FreeBSD,1,insert,1,100000,47636
FreeBSD,1,change,1,100000,122001
FreeBSD,1,hit,1,100000,39478
FreeBSD,1,miss,1,100000,33466
FreeBSD,1,remove,1,100000,73346
Linux,1,insert,0,1000,514
Linux,1,change,0,1000,1307
Linux,1,hit,0,1000,424
Linux,1,miss,0,1000,407
Linux,1,remove,0,1000,808
Linux,1,insert,0,2000,1048
Linux,1,change,0,2000,2659
Linux,1,hit,0,2000,872
Linux,1,miss,0,2000,837
Linux,1,remove,0,2000,1656
Linux,1,insert,0,3000,1514
Linux,1,change,0,3000,4000
Linux,1,hit,0,3000,1309
Linux,1,miss,0,3000,1240
Linux,1,remove,0,3000,2495
Linux,1,insert,0,4000,2023
Linux,1,change,0,4000,5427
Linux,1,hit,0,4000,1768
Linux,1,miss,0,4000,1657
Linux,1,remove,0,4000,3348
Linux,1,insert,0,5000,2559
Linux,1,change,0,5000,6715
Linux,1,hit,0,5000,2207
Linux,1,miss,0,5000,2098
Linux,1,remove,0,5000,4169
Linux,1,insert,0,6000,3064
Linux,1,change,0,6000,8134
Linux,1,hit,0,6000,2657
Linux,1,miss,0,6000,2481
Linux,1,remove,0,6000,5011
Linux,1,insert,0,7000,3575
Linux,1,change,0,7000,9480
Linux,1,hit,0,7000,3103
Linux,1,miss,0,7000,2877
Linux,1,remove,0,7000,5865
Linux,1,insert,0,8000,4073
Linux,1,change,0,8000,10782
Linux,1,hit,0,8000,3582
Linux,1,miss,0,8000,3320
Linux,1,remove,0,8000,6713
Linux,1,insert,0,9000,4574
Linux,1,change,0,9000,11946
Linux,1,hit,0,9000,3945
Linux,1,miss,0,9000,3652
Linux,1,remove,0,9000,7453
Linux,1,insert,0,10000,5071
Linux,1,change,0,10000,13265
Linux,1,hit,0,10000,4428
Linux,1,miss,0,10000,4073
Linux,1,remove,0,10000,8184
Linux,1,insert,0,11000,5587
Linux,1,change,0,11000,14572
Linux,1,hit,0,11000,4827
Linux,1,miss,0,11000,4493
Linux,1,remove,0,11000,9021
Linux,1,insert,0,12000,6096
Linux,1,change,0,12000,15952
Linux,1,hit,0,12000,5262
Linux,1,miss,0,12000,4927
Linux,1,remove,0,12000,9861
Linux,1,insert,0,13000,6613
Linux,1,change,0,13000,17264
Linux,1,hit,0,13000,5792
Linux,1,miss,0,13000,5368
Linux,1,remove,0,13000,10717
Linux,1,insert,0,14000,7125
Linux,1,change,0,14000,18661
Linux,1,hit,0,14000,6204
Linux,1,miss,0,14000,5794
Linux,1,remove,0,14000,11558
Linux,1,insert,0,15000,7644
Linux,1,change,0,15000,20072
Linux,1,hit,0,15000,6651
Linux,1,miss,0,15000,6182
Linux,1,remove,0,15000,12405
Linux,1,insert,0,16000,8158
Linux,1,change,0,16000,21448
Linux,1,hit,0,16000,7094
Linux,1,miss,0,16000,6627
Linux,1,remove,0,16000,13272
Linux,1,insert,0,17000,8644
Linux,1,change,0,17000,22391
Linux,1,hit,0,17000,7427
Linux,1,miss,0,17000,6850
Linux,1,remove,0,17000,15070
Linux,1,insert,0,18000,9157
Linux,1,change,0,18000,23732
Linux,1,hit,0,18000,7949
Linux,1,miss,0,18000,7299
Linux,1,remove,0,18000,14747
Linux,1,insert,0,19000,9674
Linux,1,change,0,19000,25155
Linux,1,hit,0,19000,8356
Linux,1,miss,0,19000,7684
Linux,1,remove,0,19000,15579
Linux,1,insert,0,20000,10178
Linux,1,change,0,20000,26518
Linux,1,hit,0,20000,8758
Linux,1,miss,0,20000,8125
Linux,1,remove,0,20000,16426
Linux,1,insert,0,21000,10693
Linux,1,change,0,21000,27875
Linux,1,hit,0,21000,9272
Linux,1,miss,0,21000,8564
Linux,1,remove,0,21000,17278
Linux,1,insert,0,22000,11210
Linux,1,change,0,22000,29247
Linux,1,hit,0,22000,9680
Linux,1,miss,0,22000,8982
Linux,1,remove,0,22000,18144
Linux,1,insert,0,23000,11725
Linux,1,change,0,23000,30674
Linux,1,hit,0,23000,10135
Linux,1,miss,0,23000,9403
Linux,1,remove,0,23000,18967
Linux,1,insert,0,24000,12241
Linux,1,change,0,24000,32037
Linux,1,hit,0,24000,10580
Linux,1,miss,0,24000,9857
Linux,1,remove,0,24000,19796
Linux,1,insert,0,25000,12764
Linux,1,change,0,25000,33321
Linux,1,hit,0,25000,11058
Linux,1,miss,0,25000,10258
Linux,1,remove,0,25000,20651
Linux,1,insert,0,26000,13273
Linux,1,change,0,26000,34744
Linux,1,hit,0,26000,11545
Linux,1,miss,0,26000,10693
Linux,1,remove,0,26000,21470
Linux,1,insert,0,27000,13826
Linux,1,change,0,27000,35974
Linux,1,hit,0,27000,11896
Linux,1,miss,0,27000,11125
Linux,1,remove,0,27000,22289
Linux,1,insert,0,28000,14340
Linux,1,change,0,28000,37327
Linux,1,hit,0,28000,12345
Linux,1,miss,0,28000,11544
Linux,1,remove,0,28000,23123
Linux,1,insert,0,29000,14834
Linux,1,change,0,29000,38694
Linux,1,hit,0,29000,12834
Linux,1,miss,0,29000,11954
Linux,1,remove,0,29000,23940
Linux,1,insert,0,30000,15335
Linux,1,change,0,30000,40123
Linux,1,hit,0,30000,13258
Linux,1,miss,0,30000,12385
Linux,1,remove,0,30000,24782
Linux,1,insert,0,31000,15858
Linux,1,change,0,31000,41504
Linux,1,hit,0,31000,13704
Linux,1,miss,0,31000,12806
Linux,1,remove,0,31000,25648
Linux,1,insert,0,32000,16379
Linux,1,change,0,32000,42917
Linux,1,hit,0,32000,14162
Linux,1,miss,0,32000,13259
Linux,1,remove,0,32000,26493
Linux,1,insert,0,33000,16813
Linux,1,change,0,33000,43426
Linux,1,hit,0,33000,14412
Linux,1,miss,0,33000,13299
Linux,1,remove,0,33000,27039
Linux,1,insert,0,34000,17379
Linux,1,change,0,34000,45192
Linux,1,hit,0,34000,14851
Linux,1,miss,0,34000,13754
Linux,1,remove,0,34000,27860
Linux,1,insert,0,35000,17844
Linux,1,change,0,35000,46165
Linux,1,hit,0,35000,15302
Linux,1,miss,0,35000,14180
Linux,1,remove,0,35000,28688
Linux,1,insert,0,36000,18360
Linux,1,change,0,36000,47499
Linux,1,hit,0,36000,15746
Linux,1,miss,0,36000,14600
Linux,1,remove,0,36000,29518
Linux,1,insert,0,37000,18924
Linux,1,change,0,37000,48814
Linux,1,hit,0,37000,16197
Linux,1,miss,0,37000,15002
Linux,1,remove,0,37000,30324
Linux,1,insert,0,38000,19457
Linux,1,change,0,38000,50176
Linux,1,hit,0,38000,16648
Linux,1,miss,0,38000,15437
Linux,1,remove,0,38000,31191
Linux,1,insert,0,39000,19958
Linux,1,change,0,39000,51549
Linux,1,hit,0,39000,17090
Linux,1,miss,0,39000,15856
Linux,1,remove,0,39000,32020
Linux,1,insert,0,40000,20412
Linux,1,change,0,40000,52951
Linux,1,hit,0,40000,17542
Linux,1,miss,0,40000,16305
Linux,1,remove,0,40000,32856
Linux,1,insert,0,41000,20934
Linux,1,change,0,41000,54411
Linux,1,hit,0,41000,17954
Linux,1,miss,0,41000,16796
Linux,1,remove,0,41000,33698
Linux,1,insert,0,42000,21528
Linux,1,change,0,42000,55754
Linux,1,hit,0,42000,18402
Linux,1,miss,0,42000,17188
Linux,1,remove,0,42000,34533
Linux,1,insert,0,43000,21964
Linux,1,change,0,43000,57057
Linux,1,hit,0,43000,18893
Linux,1,miss,0,43000,17552
Linux,1,remove,0,43000,35374
Linux,1,insert,0,44000,22478
Linux,1,change,0,44000,58443
Linux,1,hit,0,44000,19340
Linux,1,miss,0,44000,17850
Linux,1,remove,0,44000,36212
Linux,1,insert,0,45000,22999
Linux,1,change,0,45000,59765
Linux,1,hit,0,45000,19858
Linux,1,miss,0,45000,18282
Linux,1,remove,0,45000,37051
Linux,1,insert,0,46000,23573
Linux,1,change,0,46000,61102
Linux,1,hit,0,46000,20241
Linux,1,miss,0,46000,18655
Linux,1,remove,0,46000,37846
Linux,1,insert,0,47000,24098
Linux,1,change,0,47000,62482
Linux,1,hit,0,47000,20686
Linux,1,miss,0,47000,19202
Linux,1,remove,0,47000,38720
Linux,1,insert,0,48000,24641
Linux,1,change,0,48000,64007
Linux,1,hit,0,48000,21103
Linux,1,miss,0,48000,19599
Linux,1,remove,0,48000,39565
Linux,1,insert,0,49000,25102
Linux,1,change,0,49000,65329
Linux,1,hit,0,49000,21596
Linux,1,miss,0,49000,20026
Linux,1,remove,0,49000,40416
Linux,1,insert,0,50000,25584
Linux,1,change,0,50000,66674
Linux,1,hit,0,50000,22053
Linux,1,miss,0,50000,20437
Linux,1,remove,0,50000,41251
Linux,1,insert,0,51000,26103
Linux,1,change,0,51000,68553
Linux,1,hit,0,51000,22504
Linux,1,miss,0,51000,21018
Linux,1,remove,0,51000,42150
Linux,1,insert,0,52000,26737
Linux,1,change,0,52000,69389
Linux,1,hit,0,52000,22958
Linux,1,miss,0,52000,21465
Linux,1,remove,0,52000,42991
Linux,1,insert,0,53000,27221
Linux,1,change,0,53000,70818
Linux,1,hit,0,53000,23360
Linux,1,miss,0,53000,21947
Linux,1,remove,0,53000,43786
Linux,1,insert,0,54000,27684
Linux,1,change,0,54000,72213
Linux,1,hit,0,54000,23865
Linux,1,miss,0,54000,22321
Linux,1,remove,0,54000,44640
Linux,1,insert,0,55000,28282
Linux,1,change,0,55000,73538
Linux,1,hit,0,55000,24327
Linux,1,miss,0,55000,22749
Linux,1,remove,0,55000,45502
Linux,1,insert,0,56000,28718
Linux,1,change,0,56000,74992
Linux,1,hit,0,56000,24772
Linux,1,miss,0,56000,23191
Linux,1,remove,0,56000,46339
Linux,1,insert,0,57000,29221
Linux,1,change,0,57000,76373
Linux,1,hit,0,57000,25232
Linux,1,miss,0,57000,23662
Linux,1,remove,0,57000,47184
Linux,1,insert,0,58000,29812
Linux,1,change,0,58000,77695
Linux,1,hit,0,58000,25687
Linux,1,miss,0,58000,24041
Linux,1,remove,0,58000,48030
Linux,1,insert,0,59000,30342
Linux,1,change,0,59000,79207
Linux,1,hit,0,59000,26139
Linux,1,miss,0,59000,24511
Linux,1,remove,0,59000,48863
Linux,1,insert,0,60000,30800
Linux,1,change,0,60000,80589
Linux,1,hit,0,60000,26606
Linux,1,miss,0,60000,24938
Linux,1,remove,0,60000,49703
Linux,1,insert,0,61000,31317
Linux,1,change,0,61000,81983
Linux,1,hit,0,61000,27068
Linux,1,miss,0,61000,25360
Linux,1,remove,0,61000,50565
Linux,1,insert,0,62000,31913
Linux,1,change,0,62000,83263
Linux,1,hit,0,62000,27522
Linux,1,miss,0,62000,25833
Linux,1,remove,0,62000,51423
Linux,1,insert,0,63000,32441
Linux,1,change,0,63000,84647
Linux,1,hit,0,63000,27943
Linux,1,miss,0,63000,26224
Linux,1,remove,0,63000,52220
Linux,1,insert,0,64000,32870
Linux,1,change,0,64000,86121
Linux,1,hit,0,64000,28437
Linux,1,miss,0,64000,26674
Linux,1,remove,0,64000,53042
Linux,1,insert,0,65000,33510
Linux,1,change,0,65000,87402
Linux,1,hit,0,65000,28875
Linux,1,miss,0,65000,27104
Linux,1,remove,0,65000,53883
Linux,1,insert,0,66000,33923
Linux,1,change,0,66000,87215
Linux,1,hit,0,66000,28908
Linux,1,miss,0,66000,26489
Linux,1,remove,0,66000,54049
Linux,1,insert,0,67000,34470
Linux,1,change,0,67000,88558
Linux,1,hit,0,67000,29384
Linux,1,miss,0,67000,26734
Linux,1,remove,0,67000,54869
Linux,1,insert,0,68000,34951
Linux,1,change,0,68000,89937
Linux,1,hit,0,68000,29824
Linux,1,miss,0,68000,27153
Linux,1,remove,0,68000,55791
Linux,1,insert,0,69000,35322
Linux,1,change,0,69000,91410
Linux,1,hit,0,69000,30280
Linux,1,miss,0,69000,27578
Linux,1,remove,0,69000,56626
Linux,1,insert,0,70000,36027
Linux,1,change,0,70000,92738
Linux,1,hit,0,70000,30774
Linux,1,miss,0,70000,28479
Linux,1,remove,0,70000,57434
Linux,1,insert,0,71000,36550
Linux,1,change,0,71000,94090
Linux,1,hit,0,71000,31186
Linux,1,miss,0,71000,28888
Linux,1,remove,0,71000,58275
Linux,1,insert,0,72000,36891
Linux,1,change,0,72000,95575
Linux,1,hit,0,72000,31632
Linux,1,miss,0,72000,29427
Linux,1,remove,0,72000,59397
Linux,1,insert,0,73000,37571
Linux,1,change,0,73000,96807
Linux,1,hit,0,73000,32076
Linux,1,miss,0,73000,29848
Linux,1,remove,0,73000,60020
Linux,1,insert,0,74000,38113
Linux,1,change,0,74000,98361
Linux,1,hit,0,74000,32564
Linux,1,miss,0,74000,30282
Linux,1,remove,0,74000,60859
Linux,1,insert,0,75000,38456
Linux,1,change,0,75000,99752
Linux,1,hit,0,75000,32970
Linux,1,miss,0,75000,30668
Linux,1,remove,0,75000,61703
Linux,1,insert,0,76000,39078
Linux,1,change,0,76000,101001
Linux,1,hit,0,76000,33443
Linux,1,miss,0,76000,30996
Linux,1,remove,0,76000,62534
Linux,1,insert,0,77000,39605
Linux,1,change,0,77000,102393
Linux,1,hit,0,77000,33889
Linux,1,miss,0,77000,31382
Linux,1,remove,0,77000,63353
Linux,1,insert,0,78000,40129
Linux,1,change,0,78000,104863
Linux,1,hit,0,78000,34825
Linux,1,miss,0,78000,31962
Linux,1,remove,0,78000,64297
Linux,1,insert,0,79000,40723
Linux,1,change,0,79000,105161
Linux,1,hit,0,79000,34789
Linux,1,miss,0,79000,32279
Linux,1,remove,0,79000,65023
Linux,1,insert,0,80000,41274
Linux,1,change,0,80000,106818
Linux,1,hit,0,80000,35253
Linux,1,miss,0,80000,32726
Linux,1,remove,0,80000,65872
Linux,1,insert,0,81000,41798
Linux,1,change,0,81000,107914
Linux,1,hit,0,81000,35691
Linux,1,miss,0,81000,33110
Linux,1,remove,0,81000,66748
Linux,1,insert,0,82000,42197
Linux,1,change,0,82000,109310
Linux,1,hit,0,82000,36160
Linux,1,miss,0,82000,33497
Linux,1,remove,0,82000,67550
Linux,1,insert,0,83000,42800
Linux,1,change,0,83000,110734
Linux,1,hit,0,83000,36613
Linux,1,miss,0,83000,34034
Linux,1,remove,0,83000,68416
Linux,1,insert,0,84000,43283
Linux,1,change,0,84000,112085
Linux,1,hit,0,84000,37050
Linux,1,miss,0,84000,34482
Linux,1,remove,0,84000,69258
Linux,1,insert,0,85000,43813
Linux,1,change,0,85000,113535
Linux,1,hit,0,85000,37515
Linux,1,miss,0,85000,34921
Linux,1,remove,0,85000,70102
Linux,1,insert,0,86000,44296
Linux,1,change,0,86000,114890
Linux,1,hit,0,86000,37972
Linux,1,miss,0,86000,35243
Linux,1,remove,0,86000,70917
Linux,1,insert,0,87000,44861
Linux,1,change,0,87000,116301
Linux,1,hit,0,87000,38447
Linux,1,miss,0,87000,35854
Linux,1,remove,0,87000,71893
Linux,1,insert,0,88000,45400
Linux,1,change,0,88000,118098
Linux,1,hit,0,88000,38886
Linux,1,miss,0,88000,36232
Linux,1,remove,0,88000,72670
Linux,1,insert,0,89000,46185
Linux,1,change,0,89000,119592
Linux,1,hit,0,89000,39282
Linux,1,miss,0,89000,36683
Linux,1,remove,0,89000,73475
Linux,1,insert,0,90000,46618
Linux,1,change,0,90000,120873
Linux,1,hit,0,90000,39800
Linux,1,miss,0,90000,37110
Linux,1,remove,0,90000,74345
Linux,1,insert,0,91000,46975
Linux,1,change,0,91000,121898
Linux,1,hit,0,91000,40250
Linux,1,miss,0,91000,37538
Linux,1,remove,0,91000,75184
Linux,1,insert,0,92000,47451
Linux,1,change,0,92000,123328
Linux,1,hit,0,92000,40722
Linux,1,miss,0,92000,37977
Linux,1,remove,0,92000,76025
Linux,1,insert,0,93000,48042
Linux,1,change,0,93000,124783
Linux,1,hit,0,93000,41182
Linux,1,miss,0,93000,38439
Linux,1,remove,0,93000,76853
Linux,1,insert,0,94000,48536
Linux,1,change,0,94000,126128
Linux,1,hit,0,94000,41632
Linux,1,miss,0,94000,38881
Linux,1,remove,0,94000,77723
Linux,1,insert,0,95000,49130
Linux,1,change,0,95000,127571
Linux,1,hit,0,95000,42105
Linux,1,miss,0,95000,39324
Linux,1,remove,0,95000,78593
Linux,1,insert,0,96000,49660
Linux,1,change,0,96000,129312
Linux,1,hit,0,96000,42850
Linux,1,miss,0,96000,39462
Linux,1,remove,0,96000,79448
Linux,1,insert,0,97000,50281
Linux,1,change,0,97000,130382
Linux,1,hit,0,97000,43025
Linux,1,miss,0,97000,39926
Linux,1,remove,0,97000,80407
Linux,1,insert,0,98000,50750
Linux,1,change,0,98000,131778
Linux,1,hit,0,98000,43490
Linux,1,miss,0,98000,40382
Linux,1,remove,0,98000,81163
Linux,1,insert,0,99000,51109
Linux,1,change,0,99000,133408
Linux,1,hit,0,99000,43989
Linux,1,miss,0,99000,40829
Linux,1,remove,0,99000,81989
Linux,1,insert,0,100000,51814
Linux,1,change,0,100000,134991
Linux,1,hit,0,100000,44422
Linux,1,miss,0,100000,41260
Linux,1,remove,0,100000,82843
Linux,1,insert,1,1000,496
Linux,1,change,1,1000,1287
Linux,1,hit,1,1000,421
Linux,1,miss,1,1000,397
Linux,1,remove,1,1000,805
Linux,1,insert,1,2000,999
Linux,1,change,1,2000,2582
Linux,1,hit,1,2000,847
Linux,1,miss,1,2000,798
Linux,1,remove,1,2000,1618
Linux,1,insert,1,3000,1511
Linux,1,change,1,3000,3881
Linux,1,hit,1,3000,1291
Linux,1,miss,1,3000,1194
Linux,1,remove,1,3000,2435
Linux,1,insert,1,4000,2033
Linux,1,change,1,4000,5413
Linux,1,hit,1,4000,1718
Linux,1,miss,1,4000,1608
Linux,1,remove,1,4000,3272
Linux,1,insert,1,5000,2542
Linux,1,change,1,5000,6522
Linux,1,hit,1,5000,2152
Linux,1,miss,1,5000,2001
Linux,1,remove,1,5000,4064
Linux,1,insert,1,6000,3058
Linux,1,change,1,6000,7860
Linux,1,hit,1,6000,2596
Linux,1,miss,1,6000,2415
Linux,1,remove,1,6000,4894
Linux,1,insert,1,7000,3534
Linux,1,change,1,7000,9213
Linux,1,hit,1,7000,3037
Linux,1,miss,1,7000,2825
Linux,1,remove,1,7000,5738
Linux,1,insert,1,8000,4048
Linux,1,change,1,8000,10574
Linux,1,hit,1,8000,3491
Linux,1,miss,1,8000,3249
Linux,1,remove,1,8000,6581
Linux,1,insert,1,9000,4564
Linux,1,change,1,9000,11757
Linux,1,hit,1,9000,3891
Linux,1,miss,1,9000,3565
Linux,1,remove,1,9000,7337
Linux,1,insert,1,10000,5112
Linux,1,change,1,10000,13108
Linux,1,hit,1,10000,4379
Linux,1,miss,1,10000,3981
Linux,1,remove,1,10000,8165
Linux,1,insert,1,11000,5589
Linux,1,change,1,11000,14472
Linux,1,hit,1,11000,4792
Linux,1,miss,1,11000,4408
Linux,1,remove,1,11000,9020
Linux,1,insert,1,12000,6167
Linux,1,change,1,12000,15830
Linux,1,hit,1,12000,5258
Linux,1,miss,1,12000,4821
Linux,1,remove,1,12000,9840
Linux,1,insert,1,13000,6677
Linux,1,change,1,13000,17215
Linux,1,hit,1,13000,5682
Linux,1,miss,1,13000,5262
Linux,1,remove,1,13000,10669
Linux,1,insert,1,14000,7152
Linux,1,change,1,14000,18563
Linux,1,hit,1,14000,6130
Linux,1,miss,1,14000,5690
Linux,1,remove,1,14000,11544
Linux,1,insert,1,15000,7713
Linux,1,change,1,15000,19966
Linux,1,hit,1,15000,6591
Linux,1,miss,1,15000,6145
Linux,1,remove,1,15000,12369
Linux,1,insert,1,16000,8244
Linux,1,change,1,16000,21318
Linux,1,hit,1,16000,7043
Linux,1,miss,1,16000,6573
Linux,1,remove,1,16000,13232
Linux,1,insert,1,17000,8726
Linux,1,change,1,17000,22349
Linux,1,hit,1,17000,7406
Linux,1,miss,1,17000,6742
Linux,1,remove,1,17000,13907
Linux,1,insert,1,18000,9197
Linux,1,change,1,18000,23704
Linux,1,hit,1,18000,7835
Linux,1,miss,1,18000,7160
Linux,1,remove,1,18000,14732
Linux,1,insert,1,19000,9686
Linux,1,change,1,19000,25040
Linux,1,hit,1,19000,8294
Linux,1,miss,1,19000,7579
Linux,1,remove,1,19000,15563
Linux,1,insert,1,20000,10289
Linux,1,change,1,20000,26365
Linux,1,hit,1,20000,8740
Linux,1,miss,1,20000,8004
Linux,1,remove,1,20000,16429
Linux,1,insert,1,21000,10793
Linux,1,change,1,21000,27733
Linux,1,hit,1,21000,9191
Linux,1,miss,1,21000,8456
Linux,1,remove,1,21000,17232
Linux,1,insert,1,22000,11324
Linux,1,change,1,22000,29136
Linux,1,hit,1,22000,9624
Linux,1,miss,1,22000,8851
Linux,1,remove,1,22000,18074
Linux,1,insert,1,23000,11748
Linux,1,change,1,23000,30496
Linux,1,hit,1,23000,10076
Linux,1,miss,1,23000,9277
Linux,1,remove,1,23000,18907
Linux,1,insert,1,24000,12295
Linux,1,change,1,24000,31870
Linux,1,hit,1,24000,10524
Linux,1,miss,1,24000,9711
Linux,1,remove,1,24000,19748
Linux,1,insert,1,25000,12782
Linux,1,change,1,25000,33237
Linux,1,hit,1,25000,10967
Linux,1,miss,1,25000,10146
Linux,1,remove,1,25000,20585
Linux,1,insert,1,26000,13333
Linux,1,change,1,26000,34612
Linux,1,hit,1,26000,11431
Linux,1,miss,1,26000,10595
Linux,1,remove,1,26000,21431
Linux,1,insert,1,27000,13815
Linux,1,change,1,27000,35993
Linux,1,hit,1,27000,11888
Linux,1,miss,1,27000,11020
Linux,1,remove,1,27000,22273
Linux,1,insert,1,28000,14454
Linux,1,change,1,28000,37377
Linux,1,hit,1,28000,12347
Linux,1,miss,1,28000,11438
Linux,1,remove,1,28000,23121
Linux,1,insert,1,29000,14881
Linux,1,change,1,29000,38764
Linux,1,hit,1,29000,12795
Linux,1,miss,1,29000,11887
Linux,1,remove,1,29000,23964
Linux,1,insert,1,30000,15412
Linux,1,change,1,30000,40122
Linux,1,hit,1,30000,13246
Linux,1,miss,1,30000,12316
Linux,1,remove,1,30000,24794
Linux,1,insert,1,31000,15890
Linux,1,change,1,31000,41507
Linux,1,hit,1,31000,13705
Linux,1,miss,1,31000,12753
Linux,1,remove,1,31000,25637
Linux,1,insert,1,32000,16577
Linux,1,change,1,32000,42850
Linux,1,hit,1,32000,14161
Linux,1,miss,1,32000,13189
Linux,1,remove,1,32000,26478
Linux,1,insert,1,33000,16898
Linux,1,change,1,33000,43369
Linux,1,hit,1,33000,14409
Linux,1,miss,1,33000,13105
Linux,1,remove,1,33000,26991
Linux,1,insert,1,34000,17607
Linux,1,change,1,34000,44751
Linux,1,hit,1,34000,14857
Linux,1,miss,1,34000,13525
Linux,1,remove,1,34000,27837
Linux,1,insert,1,35000,17985
Linux,1,change,1,35000,46172
Linux,1,hit,1,35000,15303
Linux,1,miss,1,35000,13947
Linux,1,remove,1,35000,28689
Linux,1,insert,1,36000,18496
Linux,1,change,1,36000,47456
Linux,1,hit,1,36000,15742
Linux,1,miss,1,36000,14362
Linux,1,remove,1,36000,29517
Linux,1,insert,1,37000,19006
Linux,1,change,1,37000,48800
Linux,1,hit,1,37000,16192
Linux,1,miss,1,37000,14782
Linux,1,remove,1,37000,30349
Linux,1,insert,1,38000,19480
Linux,1,change,1,38000,50196
Linux,1,hit,1,38000,16644
Linux,1,miss,1,38000,15206
Linux,1,remove,1,38000,31161
Linux,1,insert,1,39000,19944
Linux,1,change,1,39000,51567
Linux,1,hit,1,39000,17087
Linux,1,miss,1,39000,15626
Linux,1,remove,1,39000,31988
Linux,1,insert,1,40000,20520
Linux,1,change,1,40000,52941
Linux,1,hit,1,40000,17540
Linux,1,miss,1,40000,16104
Linux,1,remove,1,40000,32826
Linux,1,insert,1,41000,20992
Linux,1,change,1,41000,55515
Linux,1,hit,1,41000,17993
Linux,1,miss,1,41000,16576
Linux,1,remove,1,41000,33653
Linux,1,insert,1,42000,21576
Linux,1,change,1,42000,55680
Linux,1,hit,1,42000,18436
Linux,1,miss,1,42000,17003
Linux,1,remove,1,42000,34495
Linux,1,insert,1,43000,22068
Linux,1,change,1,43000,56990
Linux,1,hit,1,43000,18885
Linux,1,miss,1,43000,17442
Linux,1,remove,1,43000,35340
Linux,1,insert,1,44000,22681
Linux,1,change,1,44000,58416
Linux,1,hit,1,44000,19344
Linux,1,miss,1,44000,17857
Linux,1,remove,1,44000,36161
Linux,1,insert,1,45000,23050
Linux,1,change,1,45000,59801
Linux,1,hit,1,45000,19791
Linux,1,miss,1,45000,18247
Linux,1,remove,1,45000,37007
Linux,1,insert,1,46000,23624
Linux,1,change,1,46000,61189
Linux,1,hit,1,46000,20249
Linux,1,miss,1,46000,18677
Linux,1,remove,1,46000,37852
Linux,1,insert,1,47000,24079
Linux,1,change,1,47000,62485
Linux,1,hit,1,47000,20758
Linux,1,miss,1,47000,19217
Linux,1,remove,1,47000,38778
Linux,1,insert,1,48000,24702
Linux,1,change,1,48000,64108
Linux,1,hit,1,48000,21153
Linux,1,miss,1,48000,19539
Linux,1,remove,1,48000,39527
Linux,1,insert,1,49000,25115
Linux,1,change,1,49000,65309
Linux,1,hit,1,49000,21606
Linux,1,miss,1,49000,19976
Linux,1,remove,1,49000,40402
Linux,1,insert,1,50000,25777
Linux,1,change,1,50000,66616
Linux,1,hit,1,50000,22051
Linux,1,miss,1,50000,20450
Linux,1,remove,1,50000,41242
Linux,1,insert,1,51000,26221
Linux,1,change,1,51000,67990
Linux,1,hit,1,51000,22506
Linux,1,miss,1,51000,20874
Linux,1,remove,1,51000,42084
Linux,1,insert,1,52000,26813
Linux,1,change,1,52000,69391
Linux,1,hit,1,52000,22959
Linux,1,miss,1,52000,21303
Linux,1,remove,1,52000,42936
Linux,1,insert,1,53000,27314
Linux,1,change,1,53000,70716
Linux,1,hit,1,53000,23409
Linux,1,miss,1,53000,21704
Linux,1,remove,1,53000,43719
Linux,1,insert,1,54000,27889
Linux,1,change,1,54000,72125
Linux,1,hit,1,54000,23861
Linux,1,miss,1,54000,22135
Linux,1,remove,1,54000,44569
Linux,1,insert,1,55000,28311
Linux,1,change,1,55000,73512
Linux,1,hit,1,55000,24284
Linux,1,miss,1,55000,22573
Linux,1,remove,1,55000,45418
Linux,1,insert,1,56000,28830
Linux,1,change,1,56000,74969
Linux,1,hit,1,56000,24774
Linux,1,miss,1,56000,23005
Linux,1,remove,1,56000,46273
Linux,1,insert,1,57000,29279
Linux,1,change,1,57000,76363
Linux,1,hit,1,57000,25235
Linux,1,miss,1,57000,23513
Linux,1,remove,1,57000,47172
Linux,1,insert,1,58000,29874
Linux,1,change,1,58000,77933
Linux,1,hit,1,58000,25652
Linux,1,miss,1,58000,23868
Linux,1,remove,1,58000,47966
Linux,1,insert,1,59000,30319
Linux,1,change,1,59000,79122
Linux,1,hit,1,59000,26129
Linux,1,miss,1,59000,24295
Linux,1,remove,1,59000,48801
Linux,1,insert,1,60000,31042
Linux,1,change,1,60000,80524
Linux,1,hit,1,60000,26598
Linux,1,miss,1,60000,24790
Linux,1,remove,1,60000,49684
Linux,1,insert,1,61000,31454
Linux,1,change,1,61000,81816
Linux,1,hit,1,61000,27065
Linux,1,miss,1,61000,25164
Linux,1,remove,1,61000,50494
Linux,1,insert,1,62000,32074
Linux,1,change,1,62000,83272
Linux,1,hit,1,62000,27509
Linux,1,miss,1,62000,25672
Linux,1,remove,1,62000,51365
Linux,1,insert,1,63000,32505
Linux,1,change,1,63000,84665
Linux,1,hit,1,63000,27967
Linux,1,miss,1,63000,26048
Linux,1,remove,1,63000,52210
Linux,1,insert,1,64000,33119
Linux,1,change,1,64000,86040
Linux,1,hit,1,64000,28431
Linux,1,miss,1,64000,26481
Linux,1,remove,1,64000,53056
Linux,1,insert,1,65000,33554
Linux,1,change,1,65000,87410
Linux,1,hit,1,65000,28890
Linux,1,miss,1,65000,26923
Linux,1,remove,1,65000,53885
Linux,1,insert,1,66000,34092
Linux,1,change,1,66000,87179
Linux,1,hit,1,66000,28916
Linux,1,miss,1,66000,26411
Linux,1,remove,1,66000,54088
Linux,1,insert,1,67000,34557
Linux,1,change,1,67000,88543
Linux,1,hit,1,67000,29361
Linux,1,miss,1,67000,26837
Linux,1,remove,1,67000,54927
Linux,1,insert,1,68000,35107
Linux,1,change,1,68000,89934
Linux,1,hit,1,68000,29808
Linux,1,miss,1,68000,27254
Linux,1,remove,1,68000,55760
Linux,1,insert,1,69000,35542
Linux,1,change,1,69000,91440
Linux,1,hit,1,69000,30268
Linux,1,miss,1,69000,27691
Linux,1,remove,1,69000,56608
Linux,1,insert,1,70000,36017
Linux,1,change,1,70000,92841
Linux,1,hit,1,70000,30702
Linux,1,miss,1,70000,28206
Linux,1,remove,1,70000,57533
Linux,1,insert,1,71000,36636
Linux,1,change,1,71000,94194
Linux,1,hit,1,71000,31120
Linux,1,miss,1,71000,28634
Linux,1,remove,1,71000,58361
Linux,1,insert,1,72000,37085
Linux,1,change,1,72000,95695
Linux,1,hit,1,72000,31555
Linux,1,miss,1,72000,29051
Linux,1,remove,1,72000,59183
Linux,1,insert,1,73000,37553
Linux,1,change,1,73000,97067
Linux,1,hit,1,73000,32077
Linux,1,miss,1,73000,29318
Linux,1,remove,1,73000,60001
Linux,1,insert,1,74000,38305
Linux,1,change,1,74000,98205
Linux,1,hit,1,74000,32514
Linux,1,miss,1,74000,29837
Linux,1,remove,1,74000,60737
Linux,1,insert,1,75000,38558
Linux,1,change,1,75000,100086
Linux,1,hit,1,75000,33045
Linux,1,miss,1,75000,30273
Linux,1,remove,1,75000,61591
Linux,1,insert,1,76000,39400
Linux,1,change,1,76000,101038
Linux,1,hit,1,76000,33422
Linux,1,miss,1,76000,30697
Linux,1,remove,1,76000,62458
Linux,1,insert,1,77000,39753
Linux,1,change,1,77000,102379
Linux,1,hit,1,77000,33862
Linux,1,miss,1,77000,31125
Linux,1,remove,1,77000,63300
Linux,1,insert,1,78000,40382
Linux,1,change,1,78000,103916
Linux,1,hit,1,78000,34341
Linux,1,miss,1,78000,31647
Linux,1,remove,1,78000,64196
Linux,1,insert,1,79000,40792
Linux,1,change,1,79000,105197
Linux,1,hit,1,79000,35514
Linux,1,miss,1,79000,32213
Linux,1,remove,1,79000,65083
Linux,1,insert,1,80000,41570
Linux,1,change,1,80000,106634
Linux,1,hit,1,80000,35246
Linux,1,miss,1,80000,32507
Linux,1,remove,1,80000,65873
Linux,1,insert,1,81000,41988
Linux,1,change,1,81000,108336
Linux,1,hit,1,81000,35736
Linux,1,miss,1,81000,32913
Linux,1,remove,1,81000,67468
Linux,1,insert,1,82000,42357
Linux,1,change,1,82000,110274
Linux,1,hit,1,82000,36148
Linux,1,miss,1,82000,33346
Linux,1,remove,1,82000,68315
Linux,1,insert,1,83000,42909
Linux,1,change,1,83000,111316
Linux,1,hit,1,83000,36608
Linux,1,miss,1,83000,33808
Linux,1,remove,1,83000,68422
Linux,1,insert,1,84000,43567
Linux,1,change,1,84000,112197
Linux,1,hit,1,84000,37076
Linux,1,miss,1,84000,34272
Linux,1,remove,1,84000,69275
Linux,1,insert,1,85000,43984
Linux,1,change,1,85000,113560
Linux,1,hit,1,85000,37529
Linux,1,miss,1,85000,34659
Linux,1,remove,1,85000,70096
Linux,1,insert,1,86000,44608
Linux,1,change,1,86000,114961
Linux,1,hit,1,86000,37965
Linux,1,miss,1,86000,36220
Linux,1,remove,1,86000,70854
Linux,1,insert,1,87000,45104
Linux,1,change,1,87000,116368
Linux,1,hit,1,87000,38407
Linux,1,miss,1,87000,35741
Linux,1,remove,1,87000,71772
Linux,1,insert,1,88000,45725
Linux,1,change,1,88000,117704
Linux,1,hit,1,88000,38854
Linux,1,miss,1,88000,36149
Linux,1,remove,1,88000,72605
Linux,1,insert,1,89000,46194
Linux,1,change,1,89000,119179
Linux,1,hit,1,89000,39367
Linux,1,miss,1,89000,36597
Linux,1,remove,1,89000,73413
Linux,1,insert,1,90000,46800
Linux,1,change,1,90000,120704
Linux,1,hit,1,90000,39781
Linux,1,miss,1,90000,37024
Linux,1,remove,1,90000,74224
Linux,1,insert,1,91000,47227
Linux,1,change,1,91000,121997
Linux,1,hit,1,91000,40263
Linux,1,miss,1,91000,37450
Linux,1,remove,1,91000,75095
Linux,1,insert,1,92000,47761
Linux,1,change,1,92000,123851
Linux,1,hit,1,92000,40729
Linux,1,miss,1,92000,37891
Linux,1,remove,1,92000,75891
Linux,1,insert,1,93000,48400
Linux,1,change,1,93000,124890
Linux,1,hit,1,93000,41198
Linux,1,miss,1,93000,38356
Linux,1,remove,1,93000,76759
Linux,1,insert,1,94000,49012
Linux,1,change,1,94000,126263
Linux,1,hit,1,94000,41638
Linux,1,miss,1,94000,38779
Linux,1,remove,1,94000,77578
Linux,1,insert,1,95000,49546
Linux,1,change,1,95000,127797
Linux,1,hit,1,95000,42141
Linux,1,miss,1,95000,39265
Linux,1,remove,1,95000,78443
Linux,1,insert,1,96000,50124
Linux,1,change,1,96000,129045
Linux,1,hit,1,96000,42548
Linux,1,miss,1,96000,39711
Linux,1,remove,1,96000,79353
Linux,1,insert,1,97000,50675
Linux,1,change,1,97000,130628
Linux,1,hit,1,97000,43046
Linux,1,miss,1,97000,40119
Linux,1,remove,1,97000,80205
Linux,1,insert,1,98000,51310
Linux,1,change,1,98000,132125
Linux,1,hit,1,98000,43526
Linux,1,miss,1,98000,40562
Linux,1,remove,1,98000,81094
Linux,1,insert,1,99000,51871
Linux,1,change,1,99000,133594
Linux,1,hit,1,99000,43983
Linux,1,miss,1,99000,41144
Linux,1,remove,1,99000,81996
Linux,1,insert,1,100000,52209
Linux,1,change,1,100000,135095
Linux,1,hit,1,100000,44438
Linux,1,miss,1,100000,41598
Linux,1,remove,1,100000,82872
